Software_Error  ;WARN    ;2014-10-28-08.42.01.073708;
Software_Error  ;WARN    ;2014-10-28-08.42.01.072555;
Software_Error  ;WARN    ;2014-10-28-08.42.01.071419;
Software_Error  ;WARN    ;2014-10-28-08.42.01.070200;
Software_Error  ;WARN    ;2014-10-28-08.42.01.068856;
Software_Error  ;WARN    ;2014-10-28-08.42.01.067485;
Software_Error  ;WARN    ;2014-10-28-08.42.01.066150;
Software_Error  ;WARN    ;2014-10-28-08.42.01.064876;
Software_Error  ;WARN    ;2014-10-28-08.42.01.063576;
Software_Error  ;WARN    ;2014-10-28-08.42.01.062414;
Software_Error  ;WARN    ;2014-10-28-08.42.01.061194;
Software_Error  ;WARN    ;2014-10-28-08.42.01.059967;
Software_Error  ;WARN    ;2014-10-28-08.42.01.058671;
Software_Error  ;WARN    ;2014-10-28-08.42.01.057333;
Software_Error  ;WARN    ;2014-10-28-08.42.01.055949;
Software_Error  ;WARN    ;2014-10-28-08.42.01.054699;
Software_Error  ;WARN    ;2014-10-28-08.42.01.053390;
Software_Error  ;WARN    ;2014-10-28-08.42.01.052045;
Software_Error  ;WARN    ;2014-10-28-08.42.01.050635;
Software_Error  ;WARN    ;2014-10-28-08.42.01.049338;
Software_Error  ;WARN    ;2014-10-28-08.42.01.047742;
Software_Error  ;WARN    ;2014-10-28-08.42.01.046258;
Software_Error  ;WARN    ;2014-10-28-08.42.01.044897;
Software_Error  ;WARN    ;2014-10-28-08.42.01.043494;
Software_Error  ;WARN    ;2014-10-28-08.42.01.042171;
